Category,CAL demand megawatthours,CAL demand forecast megawatthours,CAR demand megawatthours,CAR demand forecast megawatthours,CENT demand megawatthours,CENT demand forecast megawatthours,FLA demand megawatthours,FLA demand forecast megawatthours,MIDA demand megawatthours,MIDA demand forecast megawatthours,MIDW demand megawatthours,MIDW demand forecast megawatthours,NW demand megawatthours,NW demand forecast megawatthours,SE demand megawatthours,SE demand forecast megawatthours,SW demand megawatthours,SW demand forecast megawatthours,ERCO demand megawatthours,ERCO demand forecast megawatthours,ISNE demand megawatthours,ISNE demand forecast megawatthours,NYIS demand megawatthours,NYIS demand forecast megawatthours,TVA demand megawatthours,TVA demand forecast megawatthours

05/3/2019 16H EDT,26610,28608,29811,30324,27840,29290,34169,32813,87699,89299,79313,82726,39537,33497,31772,34094,7512,7864,43022,44595,12752,12700,16695,16711,19177,20307
05/3/2019 15H EDT,28540,28446,29243,29627,27858,29350,33928,32465,87974,88964,79802,82780,36919,33722,30758,33052,7195,7574,42408,44130,12814,12720,16699,16812,18980,19988
05/3/2019 14H EDT,28782,28482,28291,28632,27736,29120,32864,31570,88140,88813,79883,82265,37300,34120,29513,31681,6995,7346,41365,43281,12682,12840,16864,16907,18520,19451
05/3/2019 13H EDT,28755,28677,27169,27413,27844,28801,31810,30326,87456,88353,79562,81674,37556,34480,28086,30027,6794,7243,40589,42488,12347,12830,16977,16919,18075,18806
05/3/2019 12H EDT,28459,29031,26020,26070,27820,28701,30166,29077,86774,87488,79309,80832,38100,35003,26800,28460,6619,7253,39691,41598,12490,13020,17192,16971,17608,18062
05/3/2019 11H EDT,28317,29069,24975,24891,27536,28614,28183,27574,85958,86652,78598,79679,38131,35206,25561,26872,6650,7309,38840,40567,12789,13180,17135,16892,17089,17380
05/3/2019 10H EDT,27316,27834,23885,23697,27212,28450,26034,25318,84524,85716,77820,78406,37232,34156,24439,25312,6805,7300,38010,39392,13069,13270,16997,16633,16507,16733
05/3/2019 09H EDT,25509,25933,23025,22670,26703,28181,23876,23199,82988,84238,76790,76926,34788,31893,23454,24185,6738,7023,37353,38545,13173,13230,16677,16180,15997,16245
05/3/2019 08H EDT,23926,24519,22306,21965,25564,26687,22320,21334,80497,82729,74345,73881,32244,29375,22302,23412,6438,6639,36013,37104,12866,12930,16029,15446,15395,15664
05/3/2019 07H EDT,23828,24002,21280,20858,23844,24568,21153,20383,76274,80670,69647,68876,30899,28187,20550,22181,6197,6468,33068,34277,11866,11950,14760,14101,14316,14510
05/3/2019 06H EDT,24096,24266,19157,19081,22744,23548,19078,18497,71003,76316,65133,66296,30519,27893,19744,20542,6227,6486,31295,32777,10719,10440,13282,12790,13296,13590
05/3/2019 05H EDT,24810,25018,18067,18144,22451,23265,17986,17078,69019,69609,63385,64590,30699,28179,19886,19882,6359,6640,30910,32465,10332,9560,12451,12044,13066,13316
05/3/2019 04H EDT,25998,26019,17980,18089,22519,23313,17931,16863,68438,66010,63223,64588,31064,28818,20443,20012,6581,6883,31226,33061,10043,9260,12253,11895,13103,13405
05/3/2019 03H EDT,27333,27731,18452,18567,22767,23621,18405,17355,69316,65240,64262,65616,32239,30073,21375,20648,6618,7213,32051,34062,10087,9290,12398,12019,13530,13845
05/3/2019 02H EDT,29865,30029,19190,19387,23390,24176,19323,18153,70967,66046,66176,67456,34265,31803,22862,21665,7208,7799,33405,35738,10252,9460,12669,12335,14213,14450
05/3/2019 01H EDT,32330,32546,20437,20775,24524,25596,20679,19369,73634,67905,67800,70579,36902,33750,23181,23231,7955,8427,35825,39823,10153,9840,13153,12900,15243,15826
05/3/2019 00H EDT,33837,34037,22290,22959,26098,27084,22955,21380,77827,72337,72042,74771,38645,34888,25105,25545,8517,9058,38868,43123,10575,10580,14002,13781,16684,17254
05/2/2019 23H EDT,33187,33439,24884,25537,27487,28853,25506,23961,82860,78079,76570,79739,38433,34875,26757,28166,8733,9498,41703,46279,11672,11670,15228,15068,18319,19028
05/2/2019 22H EDT,32205,32365,27626,28183,27764,29583,27823,26639,88777,84508,79169,82812,37541,34447,28560,30659,8519,9476,43101,47519,12867,12810,16453,16300,19499,20321
05/2/2019 21H EDT,31322,31566,29309,29615,27277,29150,29317,28536,91524,90939,78685,82407,37199,34174,31421,32033,8574,9433,43366,48167,13696,13630,17148,16815,19648,20592
05/2/2019 20H EDT,30212,30745,30053,30449,27526,29835,29998,29077,91034,94749,78939,83248,37016,33801,39527,33000,8493,9185,44308,49822,13770,13650,17055,16551,19954,20847
05/2/2019 19H EDT,29329,29853,31475,31639,27779,29970,31329,29956,92472,94878,79615,84694,36739,33502,33559,34216,8253,8896,45745,50235,13662,13550,17016,16572,20574,21431
05/2/2019 18H EDT,28817,29066,31907,32186,27962,30214,32675,30910,93650,95342,79748,85569,36685,33291,31583,35124,7991,8571,46673,50507,13577,13370,17138,16775,20831,21686
05/2/2019 17H EDT,28528,28558,31840,32213,27872,30011,33479,31502,93924,96258,79649,85836,36893,33354,31420,35124,7852,8211,46770,49516,13279,13050,17220,16794,21055,21613
05/2/2019 16H EDT,28239,28200,31237,31496,27844,29972,33563,31371,93496,96018,79954,85858,37009,33630,30687,34391,7604,7953,46380,49079,13006,12890,17142,16788,20896,21376
05/2/2019 15H EDT,27989,28238,30275,30611,27796,30034,33255,31180,92741,95032,80187,85530,37340,33852,29729,33231,7033,7687,45408,47438,12925,12800,17005,16846,20510,20986
05/2/2019 14H EDT,28053,28442,29245,29512,27552,29750,32530,30411,91284,94057,79741,84711,37742,34314,28782,31751,6873,7485,44044,45744,12996,12890,16944,16940,20232,20361
05/2/2019 13H EDT,28471,28804,27929,28099,27590,29332,31120,29579,89177,92689,79396,83759,38269,34931,27633,30048,6587,7432,42563,44650,12898,12920,16885,16928,19636,19574
05/2/2019 12H EDT,28395,29207,26734,26669,27716,29163,29275,28320,87573,90731,79186,82702,38825,35465,26501,28455,6455,7448,41039,43625,13027,13030,16897,16941,18891,18774
05/2/2019 11H EDT,28360,29372,25414,25285,27584,29102,27475,27037,86031,88872,78209,81279,39068,35840,25190,26890,6490,7551,39664,42011,13144,13070,16907,16881,17960,17992
05/2/2019 10H EDT,27307,28134,24058,23900,27383,28941,25688,25357,84843,87068,77007,79815,38082,35002,23982,25414,6484,7571,38605,40805,13174,13090,16929,16636,17048,17284
05/2/2019 09H EDT,25799,26098,23136,22892,27082,28781,23818,23683,83312,84793,75805,78300,35309,32748,23455,24414,6365,7242,38449,39844,13145,13000,16680,16205,16301,16804
05/2/2019 08H EDT,24114,24470,22380,22230,26070,27333,22540,21857,81089,82874,72895,75401,32524,30255,22794,23708,6045,6838,37499,38349,12950,12920,16129,15494,15626,16246
05/2/2019 07H EDT,23837,23906,21395,21118,24238,25154,21454,20596,77007,80832,68182,70236,31042,28936,21975,22407,5894,6638,34610,35142,11943,11930,14916,14188,14504,15192
05/2/2019 06H EDT,24424,24146,19321,19293,23159,24095,19368,18841,72130,76419,64963,67242,30607,28480,20554,20655,5854,6630,33126,33289,10473,10430,13438,12849,13416,14136
05/2/2019 05H EDT,25168,24781,18306,18283,22929,23827,18289,17255,68632,69664,63183,65761,30676,28543,19940,19918,5982,6762,33058,32999,9794,9540,12629,12086,13078,13820
05/2/2019 04H EDT,25811,25659,18335,18153,23055,23929,18354,17148,67568,65752,63597,65811,31254,29173,20145,19994,6163,7003,33772,33602,9516,9220,12430,11913,13084,13931
05/2/2019 03H EDT,27436,27354,18765,18640,23399,24312,18910,17611,68254,64951,64660,66888,32443,30123,20765,20576,6492,7322,34818,34736,9544,9300,12561,12037,13507,14392
05/2/2019 02H EDT,29717,29613,19598,19458,24064,24964,19861,18314,70078,65586,66584,68888,34608,31926,21572,21526,7088,7899,36418,36612,9723,9490,12894,12370,14090,15019
05/2/2019 01H EDT,32131,32085,20823,20854,25163,25441,21448,19877,72097,67166,69221,71359,36886,33864,22581,22944,7975,8553,39166,39323,10129,9880,13397,12943,15005,16218
05/2/2019 00H EDT,33522,33452,22858,23134,26805,27194,25192,23303,75926,70020,73470,75736,38432,35117,24023,25237,8485,9123,42536,42577,10590,10630,14228,13725,16450,17729
05/1/2019 23H EDT,32637,32754,25372,25808,28414,28920,28248,26286,80718,74781,77959,80307,38299,35116,27603,28086,8837,9298,45640,45495,11604,11720,15453,15002,17940,19580
05/1/2019 22H EDT,31233,31646,28017,28582,28943,29755,31001,29375,86431,80741,80799,83384,37644,34689,28076,30813,8796,9105,47262,46765,12819,12920,16616,16236,19144,20905
05/1/2019 21H EDT,30225,30902,29571,30231,28707,29592,32877,31539,88648,86753,80174,83249,37346,34283,38099,32315,8848,9051,47564,47215,13679,13710,17355,16759,19455,21087
05/1/2019 20H EDT,29161,29957,30100,30886,28931,29913,33730,32483,87793,90092,80827,84081,37004,33878,32741,33334,8553,8800,48180,47997,13749,13700,17327,16481,19866,21304
05/1/2019 19H EDT,28612,29095,31268,32161,29107,30198,35497,33839,87952,90431,81091,85322,36738,33578,30488,34495,8117,8389,48838,48758,13557,13620,17271,16477,20207,21748
05/1/2019 18H EDT,28153,28669,31840,32683,29199,30341,36550,35062,88563,90627,81153,85859,36590,33462,34576,35199,7768,8055,49321,49128,13317,13400,17299,16611,20186,21701
05/1/2019 17H EDT,27779,28120,31808,32632,29112,30194,36879,35587,88248,90629,81036,85740,36684,33645,30802,34936,7323,7805,49541,48383,12949,12910,17116,16608,20341,21363
05/1/2019 16H EDT,27689,27873,31162,31844,28917,29997,36384,35375,87790,90080,81064,85544,36988,33850,30464,34082,6934,7627,49366,48230,12607,12510,16933,16564,20167,20921
05/1/2019 15H EDT,27477,28086,29974,30918,28734,29756,35540,34762,87694,89217,81359,85228,37042,34142,29534,32881,6650,7440,48517,46927,12489,12240,16875,16607,19900,20539
05/1/2019 14H EDT,27834,28419,28883,29682,28440,29324,34310,33567,87272,88598,80707,84459,37453,34551,28377,31421,6479,7264,47275,45833,12515,12300,16972,16717,19707,19966
05/1/2019 13H EDT,28201,28804,27508,28299,28349,29037,33055,32414,86633,87848,80174,83561,38404,35092,26949,29783,6327,7301,46012,44943,12640,12340,17068,16728,19013,19228
05/1/2019 12H EDT,28593,29158,26228,26846,28220,28702,31567,30764,85660,86698,79396,82506,39150,35693,26059,28300,6263,7353,44444,43765,12893,12540,17252,16772,18300,18547
05/1/2019 11H EDT,28474,29266,25057,25367,27905,28258,29620,29132,84674,85806,78369,81266,39612,35995,24934,26790,6275,7469,42603,42298,13081,12620,17256,16705,17380,17890
05/1/2019 10H EDT,27400,28044,23893,23926,27543,27864,27490,27372,83530,84708,77076,79980,39012,35000,24215,25386,6374,7541,41110,41128,13269,12710,17186,16527,16598,17272
05/1/2019 09H EDT,25479,26111,22893,22920,27104,27491,25559,25130,83152,83323,75756,78447,36185,32702,23745,24404,6255,7224,40334,40108,13231,12930,17019,16193,16067,16843
05/1/2019 08H EDT,23818,24512,22113,22182,25993,26395,23944,23092,81398,81958,73160,75637,33168,30207,23222,23778,5922,6820,39266,38671,13080,13020,16387,15560,15573,16241
05/1/2019 07H EDT,23313,23856,21023,20985,24213,24387,22871,21913,77303,80121,68461,70543,31594,28959,22537,22425,5758,6605,36231,35529,12190,12250,15120,14289,14377,14966
05/1/2019 06H EDT,23396,23998,19166,19096,23098,23273,20757,20007,70841,75588,65087,66929,31051,28531,21188,20591,5779,6566,34657,33616,10684,10550,13564,12931,13507,13947
05/1/2019 05H EDT,24068,24671,18194,18093,22779,22934,19612,18400,67949,68655,63805,65775,31084,28669,20453,19823,5941,6666,34376,33374,10001,9690,12713,12135,13221,13637
05/1/2019 04H EDT,25057,25614,18112,18016,22940,23023,19696,18283,67291,64744,64088,66132,31310,29104,20569,19856,6178,6839,34879,33982,9720,9440,12480,11945,13342,13710
05/1/2019 03H EDT,26647,27398,18599,18513,23332,23352,20413,18803,67888,63663,65062,67143,32600,30774,21157,20500,6581,7320,35968,35185,9728,9500,12574,12062,13714,14114
05/1/2019 02H EDT,28759,29694,19377,19348,23931,23974,21658,19867,69785,64215,66900,68820,34765,31604,21911,21525,7062,7838,37586,36972,9685,9650,12851,12367,14313,14689
05/1/2019 01H EDT,31179,32156,20639,20716,25113,25877,23509,21475,72048,65774,69509,71615,36823,33633,21559,22129,7704,8480,40019,40040,10014,10100,13327,12897,15205,16052
05/1/2019 00H EDT,32619,33562,22604,22969,26534,27532,26085,23772,76351,68598,73733,76107,38577,34922,24485,25182,8347,8988,43099,43111,10685,10680,14231,13806,16722,17574
04/30/2019 23H EDT,31802,32718,25046,25549,28136,29237,29401,26720,80691,73369,78521,80655,38617,34924,26349,28030,8545,9150,45822,46719,11775,11730,15464,15013,18394,19510
04/30/2019 22H EDT,30394,31320,27816,28178,29039,30138,32634,29798,86537,78965,81855,84334,38087,34454,28538,30689,8446,8984,47016,48269,12974,12860,16647,16171,19815,20946
04/30/2019 21H EDT,29459,30148,29498,29733,29193,29983,34881,32189,89069,84666,81450,83863,37767,34120,29528,32096,8292,8870,46715,48489,13769,13710,17311,16801,20181,21314
04/30/2019 20H EDT,28818,29205,29846,30107,29578,30360,35928,33237,87826,87209,81972,84505,37529,33842,30168,33042,8047,8638,47187,49727,13597,13800,16946,16411,20463,21521
04/30/2019 19H EDT,28859,28608,30871,31232,29692,30517,37837,34673,87949,85623,82434,85250,37361,33559,31095,34114,7730,8324,48109,50410,13295,13570,16789,16370,21027,22133
04/30/2019 18H EDT,28558,28308,31259,31752,29733,30492,38685,36058,88019,85138,82444,85347,37253,33534,31124,34824,7332,8032,48691,50468,13084,13190,16774,16465,21254,22266
04/30/2019 17H EDT,28723,28089,31168,31583,29608,30259,38928,36359,87189,85197,81903,84966,37254,33793,30711,34550,6999,7725,48609,49557,12721,12770,16712,16399,21185,21936
04/30/2019 16H EDT,28894,27937,30255,30654,29668,30082,38254,36152,86077,84773,81921,84637,37454,34047,29793,33639,6870,7561,48521,48566,12551,12510,16686,16347,20789,21371
04/30/2019 15H EDT,29346,28209,29132,29791,29601,29882,37131,35261,85432,84255,81786,84272,37650,34357,28717,32302,6678,7386,47976,47411,12723,12540,16804,16410,20157,20682
04/30/2019 14H EDT,29373,28535,27797,28390,29400,29515,35626,33599,84834,83975,81207,83535,38136,34961,27511,30706,6525,7310,46525,45684,13003,12790,16934,16508,19407,19819
04/30/2019 13H EDT,29102,28792,26163,26784,29226,29267,34085,32169,84092,83796,80261,82725,38381,35468,26064,28984,6452,7346,45292,44522,13151,12930,17115,16539,18559,18724
04/30/2019 12H EDT,29084,29204,24788,25490,28891,28828,32078,30675,83732,83177,79191,81820,39295,36095,24868,27290,6485,7502,43970,43153,13333,13160,17307,16596,17875,17872
04/30/2019 11H EDT,28820,29277,23641,23901,28481,28457,29764,29055,83306,82794,77945,80730,39973,36407,23827,25724,6384,7600,42584,41611,13518,13310,17401,16586,16925,17065
04/30/2019 10H EDT,27496,28095,22579,22811,28082,28160,27418,27031,82780,82402,76559,79703,39105,35374,22685,24316,6537,7633,41486,40659,13550,13390,17181,16425,16249,16282
04/30/2019 09H EDT,25338,26023,21771,22091,27567,27929,25171,24963,82285,81674,75512,78681,36216,32922,22122,23283,6353,7278,40794,39750,13444,13330,16869,16125,15754,15636
04/30/2019 08H EDT,23646,24370,21251,21540,26251,26667,23383,22865,80883,81254,72656,76251,33172,30313,21940,22644,5957,6872,39521,38324,13127,13020,16378,15516,15222,15090
04/30/2019 07H EDT,23121,23814,20402,20529,24170,24620,22101,21732,76759,80073,67606,70782,31472,29113,21151,21322,5764,6668,36323,35231,12087,11990,15141,14275,14180,14113
04/30/2019 06H EDT,23315,23984,18398,18324,23098,23454,19870,19612,70754,76113,63700,66730,31007,28578,19897,19564,5723,6692,34536,33469,10636,10530,13609,12852,13093,13006
04/30/2019 05H EDT,23902,24617,17363,17063,22824,23006,18818,18130,67532,69369,62432,65278,30997,28599,19262,18796,5890,6816,34179,33046,10057,9550,12745,12081,12741,12646
04/30/2019 04H EDT,24921,25586,17193,16931,22943,23068,18892,17945,66262,65276,62531,65060,31499,29105,19264,18838,6121,7043,34609,33928,9743,9340,12479,11901,12753,12801
04/30/2019 03H EDT,26568,27775,17456,17196,23242,23417,19526,18515,67010,63964,63605,65585,32566,30293,19900,19417,6452,7370,35575,34981,9713,9290,12566,11991,13222,13265
04/30/2019 02H EDT,28860,30068,18008,17725,23749,24042,20728,19467,68375,64184,65371,67269,34795,32152,20603,20373,6927,7919,37175,36897,9612,9440,12867,12255,13793,13999
04/30/2019 01H EDT,31399,32592,19025,18847,24784,24823,22775,20990,70379,65331,68281,69643,36788,34186,21712,21964,7815,8560,39655,39476,10206,9770,13406,12754,14669,14794
04/30/2019 00H EDT,32822,34076,20604,20351,26444,26439,25452,23081,73132,66946,72349,73530,38444,35557,23266,24131,8386,9085,43101,42468,10629,10430,14225,13848,16315,16103
04/29/2019 23H EDT,32203,33321,22790,22461,28021,28040,28612,26016,77524,71339,76858,78343,38469,35496,25678,26786,8669,9331,46080,45621,11464,11470,15403,15049,17964,17878
04/29/2019 22H EDT,31156,32030,25041,24586,28672,28643,31860,29174,82678,76524,79744,81920,38013,35178,26738,29214,8562,9178,47637,47146,12695,12610,16590,16186,19374,19192
04/29/2019 21H EDT,30361,31150,26196,25659,28275,28218,34184,31393,85017,81535,79379,81714,37592,34848,27328,30427,8561,9040,47430,47549,13579,13500,17374,16818,19581,19591
04/29/2019 20H EDT,29658,30367,26070,25396,28531,28426,35428,32352,83559,83851,79755,82288,37184,34394,28658,31095,8363,8775,48595,48550,13519,13410,17310,16399,19982,20000
04/29/2019 19H EDT,29491,29743,26646,25875,28755,28536,37484,33851,83108,82462,80173,82676,36877,34147,29213,32011,8135,8520,49465,49054,13094,13180,17145,16262,20214,20539
04/29/2019 18H EDT,29327,29032,26612,25700,28858,28701,38279,34942,82436,82018,80254,82651,36746,34170,29483,32499,7932,8297,49427,48594,12640,12610,16872,16209,20149,20767
04/29/2019 17H EDT,29166,28780,26266,25724,28982,28598,37818,35335,81443,81979,79958,82276,37692,34425,29039,32138,8115,8041,48636,47653,12103,11980,16633,16050,19590,20520
04/29/2019 16H EDT,28954,28584,25543,25119,29163,28546,36937,34872,81049,81251,80112,82142,37597,34745,28424,31197,8156,7859,47784,46575,11726,11420,16380,15998,19106,19976
04/29/2019 15H EDT,28621,28846,25025,24614,29210,28518,35661,33954,81404,80931,79928,82072,37911,35007,27574,30020,7909,7689,46519,45569,11549,11060,16191,16092,18472,19324
04/29/2019 14H EDT,28320,29132,24272,24051,28810,28301,34207,32633,81936,81344,79524,81606,38459,35381,26515,28598,7705,7582,44985,43643,11473,11010,16186,16243,17847,18577
04/29/2019 13H EDT,28408,29361,23625,23310,28584,28181,32394,31262,82110,81959,79143,81096,39015,35876,25256,27319,7527,7555,43667,42485,11479,11030,16213,16346,17121,17731
04/29/2019 12H EDT,28431,29492,23117,22578,28434,27981,30408,29788,82673,82155,78767,80454,39567,36376,24040,26004,7349,7584,42175,41351,11465,11190,16365,16501,16471,16972
04/29/2019 11H EDT,28332,29204,22527,22064,27988,27590,28385,28129,83368,82690,77834,79549,39984,36556,22968,24823,7245,7620,40529,39789,11594,11370,16480,16524,15928,16262
04/29/2019 10H EDT,27023,27786,21963,21540,27505,27238,26195,26025,83675,83175,76790,78562,38932,35125,22129,23692,7150,7615,39123,38597,11764,11680,16582,16484,15447,15552
04/29/2019 09H EDT,24935,25734,21382,21093,26986,26753,23997,24015,84137,83449,75405,77497,35889,32503,21725,22850,6798,7268,38186,37611,12292,12280,16632,16284,15247,15093
04/29/2019 08H EDT,23312,24026,21010,20723,25867,25559,22166,21999,83667,83633,72165,74696,32688,29945,21316,22176,6346,6876,37011,35991,12882,12690,16460,15749,14797,14633
04/29/2019 07H EDT,22767,23331,20109,19713,23752,23544,20951,20504,79703,82543,66614,69027,30985,28605,20241,20756,6227,6675,33717,33122,12418,12090,15465,14551,13681,13637
04/29/2019 06H EDT,22989,23418,17985,17442,22662,22385,18869,18781,72335,78153,62236,63841,30335,28066,18979,18784,6260,6716,31931,31152,11086,10870,13940,13141,12417,12411
04/29/2019 05H EDT,23594,23987,16786,16272,22422,22021,17685,17190,67854,70959,60755,61511,30419,28100,18262,17825,6497,6853,31457,30775,10873,9850,13020,12329,11948,11887
04/29/2019 04H EDT,24681,24850,16566,16017,22551,22087,17681,16995,66537,66308,60704,61789,30868,28591,18084,17646,6741,7108,31841,31258,10304,9470,12675,12099,11919,11835
04/29/2019 03H EDT,26195,26619,16884,16291,22962,22320,18339,17345,66695,64489,61168,62165,32021,29784,18504,17963,7272,7507,32901,32315,10219,9410,12700,12146,12060,12071
04/29/2019 02H EDT,28298,28727,17485,16944,23551,22903,19381,18509,67202,64117,61952,63267,34283,31324,19012,18586,7966,101564,34635,34420,9921,9490,12915,12353,12445,12545
04/29/2019 01H EDT,30436,30881,18499,18029,24647,24421,21657,19846,68094,64503,63517,65449,36333,33370,19059,19380,8804,8791,37457,36914,10097,9800,13293,12754,13162,13081
04/29/2019 00H EDT,31707,32082,20216,19415,26294,25804,24187,21840,70523,65307,66921,68881,37595,34533,20736,21110,9521,9368,40873,40202,10699,10480,14019,13611,14326,14033
04/28/2019 23H EDT,31046,31290,22289,21595,27801,27145,27196,24582,73973,68409,70484,71882,37165,34381,22856,23284,9918,9632,43760,42835,11331,11370,14918,14508,15558,15124
04/28/2019 22H EDT,29706,30002,24469,23639,28309,27715,29886,27220,77903,72188,72820,74183,36566,33866,24718,25186,10085,9698,45161,44200,12288,12340,15861,15337,16605,15929
04/28/2019 21H EDT,28262,28635,25687,24605,28036,27312,32013,29286,79073,75697,71555,72861,36178,33019,24948,25846,10208,9644,45870,44597,13094,13150,16380,15717,16565,16005
04/28/2019 20H EDT,26537,26979,26000,24371,28266,27336,33006,29943,76544,77066,71078,71808,35643,32723,26012,26059,9852,9328,47433,45810,13034,13230,15893,15148,16838,15757
04/28/2019 19H EDT,25909,25686,26566,24745,28199,27263,34995,31161,75697,74808,70559,71141,35178,32206,26533,26602,9368,9014,48053,46444,12959,12860,15760,14889,16992,15807
04/28/2019 18H EDT,26059,24676,26357,24934,27641,26765,36053,32499,74857,73384,69379,70200,34795,31945,25909,26404,8887,8674,47739,45686,12685,12590,15594,14758,16807,15491
04/28/2019 17H EDT,25163,24014,25359,24083,27062,26316,35748,32830,73707,72296,68519,69256,34827,32021,25224,25688,8386,8282,46749,44450,12095,12100,15295,14521,16429,15106
04/28/2019 16H EDT,24219,23587,24191,23025,26535,26067,35042,32399,72612,70406,67922,68728,35050,32297,15251,24799,7914,7968,45221,43377,11729,11800,15098,14394,15940,14801
04/28/2019 15H EDT,24079,23357,23033,22146,26271,25958,33849,31451,72490,69521,67720,68573,35185,32426,22993,23937,7482,7578,43424,41723,11634,11760,15215,14416,15541,14519
04/28/2019 14H EDT,24060,23366,21837,21356,26020,25827,32322,30536,72345,69527,67618,68504,35477,32743,21711,23117,7026,7289,41383,39698,11609,11830,15398,14513,15085,14442
04/28/2019 13H EDT,24132,23488,20911,20742,25643,25635,30550,29408,72676,69967,67307,68472,35691,32885,21928,22343,6638,7068,39308,38279,11636,11820,15495,14576,14679,14238
04/28/2019 12H EDT,23870,23675,20223,19927,25292,25475,28444,27717,72940,70481,66988,68358,35581,32526,19935,21735,6266,6982,37113,36689,11431,11630,15585,14541,14208,14129
04/28/2019 11H EDT,23614,23496,19656,19319,24891,25313,26122,25828,72763,70635,66456,67977,34691,31621,66508,21151,6059,6884,35020,35055,11205,11390,15294,14341,13941,14002
04/28/2019 10H EDT,23182,23470,19169,18872,24078,24813,23582,23772,71536,70603,64857,66875,33420,30384,18810,20307,5949,6827,32579,32931,10817,11080,14888,14006,13486,13637
04/28/2019 09H EDT,22887,23495,18218,18121,23022,24134,20602,20849,69664,70170,62247,64725,32041,29476,17803,18988,5949,6741,30685,31117,10506,10700,14200,13452,12677,12840
04/28/2019 08H EDT,22476,23177,16792,16906,22439,23433,17942,17829,66317,68318,60229,61932,31177,28701,17308,17594,5991,6650,30104,30553,10100,10200,13374,12746,11946,12102
04/28/2019 07H EDT,22583,23266,16142,16121,21954,22827,16967,16183,64916,65386,59199,61762,30588,28170,64290,17053,6064,6659,29767,30239,10258,9840,12788,12265,11768,11707
04/28/2019 06H EDT,23147,23724,15720,15553,21671,22505,16535,15818,64076,63212,58114,60756,30565,68041,16962,16658,6225,6768,29894,30025,9752,9480,12491,12015,11649,11402
04/28/2019 05H EDT,24001,24471,15458,15294,21701,22359,16548,15716,63988,61916,57628,60690,30781,28280,16347,16601,6504,6992,30354,30426,9781,9250,12313,11832,11563,11359
04/28/2019 04H EDT,25160,25650,15422,15372,21930,22524,16937,15974,64213,61050,58160,60906,31426,28813,17138,16721,6871,7297,31228,31262,9590,9210,12320,11840,11707,11496
04/28/2019 03H EDT,26705,27490,15783,15504,22270,22876,17662,16606,64931,61015,59538,61630,32689,30188,64510,17133,7123,7695,32579,32584,9823,9270,12545,12000,11938,11749
04/28/2019 02H EDT,28825,29554,16303,16038,22969,23577,19004,17640,65894,61600,61031,63061,34781,32067,17525,17821,7842,8273,34422,34522,9908,9490,12904,12295,12288,12209
04/28/2019 01H EDT,30819,31515,17132,17023,24016,24212,20695,19190,67729,62756,63697,64723,36298,33715,18565,19062,8588,8876,36942,36936,10001,9930,13465,12787,12918,13005
04/28/2019 00H EDT,31847,32759,18321,18460,25369,25496,22700,21160,69798,64432,66184,67152,37155,34670,66933,20471,9189,9405,39669,39884,10599,10560,14235,13597,13999,13970
04/27/2019 23H EDT,31319,32317,19876,19992,26495,26645,25192,23505,72815,68169,69558,70501,36702,34722,21629,22039,9727,9732,42004,41582,11434,11430,15087,14413,14862,14988
04/27/2019 22H EDT,30553,31422,21216,21247,27001,27139,27347,25814,76075,71521,71186,72636,36393,34451,22074,23321,10034,9860,43488,43188,12197,12190,15808,15118,15413,15587
04/27/2019 21H EDT,29428,30511,21861,21792,27083,26957,29218,27323,77244,74350,70570,71627,36370,34258,22506,23686,10320,9912,44357,43635,12695,12720,16155,15451,15225,15440
04/27/2019 20H EDT,28715,29335,21650,21299,27722,27187,30528,27839,75106,75473,70761,71356,36065,33801,23487,23923,10083,9707,46210,45838,12521,12710,15786,14972,15173,15394
04/27/2019 19H EDT,27718,28265,22175,21697,28053,27339,32682,29178,74013,73704,71086,71357,35589,33361,22906,24438,9850,9410,47065,46843,12215,12480,15578,14815,15236,15521
04/27/2019 18H EDT,27010,27470,22140,21726,27979,27204,33820,30413,73049,72318,70649,71143,35186,32979,23078,24454,9445,9073,46536,46618,11739,12280,15402,14786,15165,15338
04/27/2019 17H EDT,26458,26810,21501,21354,27750,26972,33810,30901,71751,71400,69823,70755,35199,32882,23667,24075,8845,8720,45296,45540,11127,11640,15246,14707,15004,15140
04/27/2019 16H EDT,26466,26395,20745,20849,27315,26693,33021,30612,71271,70526,69547,70614,35187,33078,21871,23490,8337,8370,43912,44346,10989,11280,15210,14674,14803,15051
04/27/2019 15H EDT,26643,26203,20231,20465,27049,26555,31623,29878,71389,70170,69494,70697,35416,33229,67421,23045,7885,8033,42461,42585,11097,11230,15433,14768,14695,15019
04/27/2019 14H EDT,26841,26173,19887,20232,26777,26440,30170,29067,72168,70565,69857,70877,35695,33394,22213,22614,7375,7692,41162,41004,11154,11320,15497,14929,14544,14998
04/27/2019 13H EDT,26944,25989,19711,20122,26465,26314,28539,27712,72620,71505,69967,71086,35688,33311,66272,22383,6909,7461,39764,39595,11294,11440,15512,15088,14454,15015
04/27/2019 12H EDT,26687,25888,19666,19849,26071,26048,26937,26392,73160,72649,69791,71074,35413,32773,21811,22208,6652,7349,38202,37898,11471,11550,15448,15157,14581,14970
04/27/2019 11H EDT,25678,25367,19705,19822,25469,25548,25225,24900,73523,73763,68976,70650,34405,31661,19778,21857,6348,7241,36309,35969,11559,11680,15429,15039,14571,14997
04/27/2019 10H EDT,24747,25135,19526,19743,24632,24747,23259,22995,74299,74343,67352,69438,33064,30637,65858,21175,6201,7157,34103,33899,11677,11710,15166,14702,14350,14737
04/27/2019 09H EDT,24368,24609,19096,19224,23641,23840,20710,20710,73062,73978,64623,67167,31646,29448,19251,20153,6088,7007,31920,32099,11344,11430,14643,14080,13931,14115
04/27/2019 08H EDT,23816,23992,18164,18113,23006,23160,18315,18146,70756,72368,62484,64407,30600,28480,18577,18882,6029,6849,31017,31202,11337,10870,13948,13226,13283,13423
04/27/2019 07H EDT,23866,23989,17329,17299,22392,22507,17239,16631,68277,69474,62045,63348,30032,28117,18061,18219,6092,6830,30058,30295,10482,10190,13205,12545,12883,12982
04/27/2019 06H EDT,24426,24515,16630,16702,22004,22081,16648,16131,67060,66755,60631,62513,30006,28109,17695,17530,6253,6941,29568,29844,10114,9590,12695,12140,12431,12400
04/27/2019 05H EDT,25397,25376,16074,16227,21849,22020,16595,15758,66264,64268,59919,61972,30458,28417,63658,17255,6544,7161,29789,30041,9797,9290,12425,11881,12183,12135
04/27/2019 04H EDT,26797,26688,15922,16114,22105,22205,16983,16085,65917,62760,60226,62137,31190,29247,16993,17260,6930,7450,30509,30679,9737,9170,12400,11870,12128,12168
04/27/2019 03H EDT,28689,29191,16072,16297,22627,22544,17825,16833,66424,62269,61138,62968,32723,30423,8907,17596,7492,7855,31805,31919,9860,9220,12535,12046,12265,12279
04/27/2019 02H EDT,31343,31863,16616,16766,23243,23225,19077,17667,67430,62746,62671,64417,34685,31549,64592,18204,8160,8505,33736,33687,10065,9440,12897,12377,12725,12616
04/27/2019 01H EDT,33821,34437,17171,17612,24366,24567,20834,19381,68930,63860,64406,66155,36794,33290,19443,19792,8978,9191,36474,35728,10255,9890,13471,12909,13264,13372
04/27/2019 00H EDT,35445,36113,18802,19094,25856,25880,20190,22189,71361,65753,67728,68971,38103,34668,19985,21304,9767,9750,39286,38768,10971,10420,14263,13578,14195,14303
04/26/2019 23H EDT,35363,36074,20274,20980,27148,27079,22847,24703,74893,70165,71091,72991,38115,34911,67182,22944,10242,10063,41826,40750,11693,11370,15252,14614,15124,15224
04/26/2019 22H EDT,35105,35826,21620,22704,27548,27625,25098,27121,78822,74393,72930,75452,37963,35036,23864,24340,10480,10134,43322,42540,12625,12320,16199,15534,15744,15892
04/26/2019 21H EDT,34670,35596,22319,23674,27411,27479,29932,29086,80354,77881,71954,74414,38085,35153,24529,25005,10656,10230,44314,42931,13325,13070,16833,16058,15614,15808
04/26/2019 20H EDT,33946,34825,22123,23446,27932,27855,30731,29977,79845,79740,72672,74392,38226,35036,23113,25199,10513,10042,46310,44932,13600,13210,16996,15733,15675,15634
04/26/2019 19H EDT,33352,33702,22957,23993,28308,28292,32275,31552,80488,79099,73387,74856,38206,34957,25415,25907,10261,9731,47454,46423,13590,13200,16982,15738,16102,15935
04/26/2019 18H EDT,32320,32637,23724,24458,28520,28371,33272,33321,81668,78931,74060,75331,38050,34886,23890,26295,9888,9403,47380,46689,13534,13330,17049,15901,16346,16092
04/26/2019 17H EDT,31266,31477,24265,24666,28236,28216,33549,34139,81693,79278,74119,75814,37717,34801,23621,26129,9288,8950,46344,45384,13407,13170,16993,15964,16284,16072
04/26/2019 16H EDT,30111,30480,24738,24587,28083,28155,33340,34141,82583,79210,74463,76438,38529,34727,23329,25801,8705,8532,45039,44450,13364,13100,16949,16003,16159,15982
04/26/2019 15H EDT,29614,29986,25178,24594,27808,28069,32778,33610,83406,79324,74943,76889,36964,34704,22454,25521,8206,8198,43505,43135,13423,13200,17131,16128,16063,15956
04/26/2019 14H EDT,29174,29824,25114,24467,27433,27862,31932,32423,84219,79937,74632,76826,37827,34731,22152,25084,7825,7898,41723,41616,13419,13370,17327,16290,15959,16018
04/26/2019 13H EDT,29121,29655,24780,24086,27289,27785,30599,31473,84523,80496,74660,77006,38016,34660,22385,24748,7438,7731,40285,40431,13367,13460,17271,16383,15921,15959
04/26/2019 12H EDT,29134,29802,24419,23761,27159,27685,29190,30224,84627,80810,74664,77073,37992,34603,22319,24411,7238,7672,38884,39407,13434,13610,17253,16497,16020,15942
04/26/2019 11H EDT,28995,29582,23876,23272,26911,27465,27853,28640,84205,81071,74394,76826,37817,34337,21728,23837,6949,7695,37451,37941,13379,13600,17108,16472,15748,15750
04/26/2019 10H EDT,28050,28748,23160,22700,26700,27341,26415,26537,82888,81224,73711,76366,36322,32963,21186,23162,6678,7655,36053,36533,13298,13400,16794,16288,15620,15504
04/26/2019 09H EDT,26179,26773,22515,22024,26323,27243,24556,24373,81478,80609,72904,75754,33803,30693,21223,22500,6491,7342,35202,35953,13119,13160,16350,15902,15348,15319
04/26/2019 08H EDT,24814,25279,21766,21431,25270,26038,22937,22408,79381,79628,70274,73164,31355,28724,20800,21933,6198,6956,34177,34941,12667,12700,15568,15208,14919,14959
04/26/2019 07H EDT,24474,24840,20789,20521,23435,24143,21635,21263,75187,77915,65794,68043,30073,27616,20468,20676,5988,6783,31443,31892,11572,11690,14403,13979,13898,13864
04/26/2019 06H EDT,24940,25142,18971,18420,22431,22996,19335,19174,70065,73549,63418,64264,29919,27573,19104,18874,6080,6835,29962,30393,10240,10270,13098,12640,12756,12751
04/26/2019 05H EDT,25783,25971,17954,17439,22089,22564,18068,17433,67283,67289,61841,63189,30434,27740,18464,18121,6285,6991,29749,30040,9766,9250,12310,11907,12322,12338
04/26/2019 04H EDT,27192,27213,17774,17350,22258,22607,18039,17154,65922,63773,61795,62940,31146,28256,18368,18043,6624,7255,30408,30611,9492,8960,12103,11756,12483,12349
04/26/2019 03H EDT,29281,28877,18027,17758,22607,22936,18577,17567,66540,62877,62536,63679,32563,29931,18636,18451,6932,7710,31621,31776,9545,9020,12241,11889,12751,12621
04/26/2019 02H EDT,32030,31636,18603,18494,23242,23576,19627,18478,67726,63389,64317,65290,34693,31926,19188,19131,7687,8340,33439,33733,9709,9170,12538,12198,13173,13153
04/26/2019 01H EDT,35139,34701,19639,19808,24514,24420,21421,19819,69550,64860,66343,4971,38081,34025,20961,21143,8441,9051,36232,35712,9837,9550,13001,12718,13859,14114
04/26/2019 00H EDT,37120,36810,21400,21886,26215,25965,24255,22680,73219,67340,70310,5384,39524,35579,22141,22959,9273,9670,39801,39178,10280,10260,13831,13458,14944,15351
